{"cameraMode":{"drawMode":0,"name":"Shaded","section":"Shading Mode"},"sceneLighting":false,"audioPlay":false,"sceneViewState":{"showFog":true,"showMaterialUpdate":false,"showSkybox":false,"showFlares":true,"showImageEffects":true,"showParticleSystems":true},"in2DMode":false,"pivot":{"x":50.45000076293945,"y":70.63886260986328,"z":21.52263069152832},"rotation":{"x":-0.09539634734392166,"y":0.32492923736572268,"z":-0.03295854851603508,"w":-0.94035404920578},"size":1.0040534734725953,"orthographic":true}