{"cameraMode":{"drawMode":0,"name":"Shaded","section":"Shading Mode"},"sceneLighting":false,"audioPlay":false,"sceneViewState":{"showFog":true,"showMaterialUpdate":false,"showSkybox":false,"showFlares":true,"showImageEffects":true,"showParticleSystems":true},"in2DMode":false,"pivot":{"x":-0.026565078645944597,"y":0.05177703872323036,"z":-0.16927486658096314},"rotation":{"x":-0.1462525874376297,"y":0.22865383327007295,"z":-0.0347740612924099,"w":-0.9618450403213501},"size":0.33237525820732119,"orthographic":true}