{"cameraMode":{"drawMode":0,"name":"Shaded","section":"Shading Mode"},"sceneLighting":false,"audioPlay":false,"sceneViewState":{"showFog":true,"showMaterialUpdate":false,"showSkybox":false,"showFlares":true,"showImageEffects":true,"showParticleSystems":true},"in2DMode":false,"pivot":{"x":0.06570276618003845,"y":-0.13966110348701478,"z":-0.01821264997124672},"rotation":{"x":-0.2939944863319397,"y":-0.38657066226005556,"z":0.1314925104379654,"w":-0.8642188310623169},"size":0.41352972388267519,"orthographic":true}