{"cameraMode":{"drawMode":0,"name":"Shaded","section":"Shading Mode"},"sceneLighting":false,"audioPlay":false,"sceneViewState":{"showFog":true,"showMaterialUpdate":false,"showSkybox":false,"showFlares":true,"showImageEffects":true,"showParticleSystems":true},"in2DMode":false,"pivot":{"x":50.45000076293945,"y":70.63886260986328,"z":21.52263069152832},"rotation":{"x":-0.13189096748828889,"y":-0.3253713548183441,"z":0.045880548655986789,"w":-0.9352286458015442},"size":0.6989961862564087,"orthographic":true}